Datum deutsch	Nacht	Tag	Nacht	Sunrise	Sunset	Mitternacht	Datum englisch
01.01.19	08:37:23	07:47:57	07:34:40	08:37:23	16:25:20	00:00:00	2019-01-01
02.01.19	08:37:15	07:49:10	07:33:35	08:37:15	16:26:25	00:00:00	2019-01-02
03.01.19	08:37:04	07:50:29	07:32:27	08:37:04	16:27:33	00:00:00	2019-01-03
04.01.19	08:36:49	07:51:55	07:31:16	08:36:49	16:28:44	00:00:00	2019-01-04
05.01.19	08:36:31	07:53:26	07:30:03	08:36:31	16:29:57	00:00:00	2019-01-05
06.01.19	08:36:09	07:55:04	07:28:47	08:36:09	16:31:13	00:00:00	2019-01-06
07.01.19	08:35:44	07:56:48	07:27:28	08:35:44	16:32:32	00:00:00	2019-01-07
08.01.19	08:35:15	07:58:37	07:26:08	08:35:15	16:33:52	00:00:00	2019-01-08
09.01.19	08:34:44	08:00:31	07:24:45	08:34:44	16:35:15	00:00:00	2019-01-09
10.01.19	08:34:09	08:02:31	07:23:20	08:34:09	16:36:40	00:00:00	2019-01-10
11.01.19	08:33:31	08:04:37	07:21:52	08:33:31	16:38:08	00:00:00	2019-01-11
12.01.19	08:32:49	08:06:48	07:20:23	08:32:49	16:39:37	00:00:00	2019-01-12
13.01.19	08:32:05	08:09:03	07:18:52	08:32:05	16:41:08	00:00:00	2019-01-13
14.01.19	08:31:17	08:11:24	07:17:19	08:31:17	16:42:41	00:00:00	2019-01-14
15.01.19	08:30:27	08:13:49	07:15:44	08:30:27	16:44:16	00:00:00	2019-01-15
16.01.19	08:29:33	08:16:19	07:14:08	08:29:33	16:45:52	00:00:00	2019-01-16
17.01.19	08:28:36	08:18:54	07:12:30	08:28:36	16:47:30	00:00:00	2019-01-17
18.01.19	08:27:37	08:21:32	07:10:51	08:27:37	16:49:09	00:00:00	2019-01-18
19.01.19	08:26:35	08:24:15	07:09:10	08:26:35	16:50:50	00:00:00	2019-01-19
20.01.19	08:25:30	08:27:02	07:07:28	08:25:30	16:52:32	00:00:00	2019-01-20
21.01.19	08:24:22	08:29:53	07:05:45	08:24:22	16:54:15	00:00:00	2019-01-21
22.01.19	08:23:11	08:32:48	07:04:01	08:23:11	16:55:59	00:00:00	2019-01-22
23.01.19	08:21:58	08:35:47	07:02:15	08:21:58	16:57:45	00:00:00	2019-01-23
24.01.19	08:20:43	08:38:48	07:00:29	08:20:43	16:59:31	00:00:00	2019-01-24
25.01.19	08:19:24	08:41:54	06:58:42	08:19:24	17:01:18	00:00:00	2019-01-25
26.01.19	08:18:04	08:45:03	06:56:53	08:18:04	17:03:07	00:00:00	2019-01-26
27.01.19	08:16:41	08:48:14	06:55:05	08:16:41	17:04:55	00:00:00	2019-01-27
28.01.19	08:15:16	08:51:29	06:53:15	08:15:16	17:06:45	00:00:00	2019-01-28
29.01.19	08:13:48	08:54:47	06:51:25	08:13:48	17:08:35	00:00:00	2019-01-29
30.01.19	08:12:19	08:58:07	06:49:34	08:12:19	17:10:26	00:00:00	2019-01-30
31.01.19	08:10:47	09:01:30	06:47:43	08:10:47	17:12:17	00:00:00	2019-01-31
01.02.19	08:09:13	09:04:56	06:45:51	08:09:13	17:14:09	00:00:00	2019-02-01
02.02.19	08:07:37	09:08:24	06:43:59	08:07:37	17:16:01	00:00:00	2019-02-02
03.02.19	08:05:59	09:11:54	06:42:07	08:05:59	17:17:53	00:00:00	2019-02-03
04.02.19	08:04:19	09:15:27	06:40:14	08:04:19	17:19:46	00:00:00	2019-02-04
05.02.19	08:02:38	09:19:01	06:38:21	08:02:38	17:21:39	00:00:00	2019-02-05
06.02.19	08:00:54	09:22:38	06:36:28	08:00:54	17:23:32	00:00:00	2019-02-06
07.02.19	07:59:09	09:26:16	06:34:35	07:59:09	17:25:25	00:00:00	2019-02-07
08.02.19	07:57:22	09:29:56	06:32:42	07:57:22	17:27:18	00:00:00	2019-02-08
09.02.19	07:55:33	09:33:39	06:30:48	07:55:33	17:29:12	00:00:00	2019-02-09
10.02.19	07:53:43	09:37:22	06:28:55	07:53:43	17:31:05	00:00:00	2019-02-10
11.02.19	07:51:52	09:41:06	06:27:02	07:51:52	17:32:58	00:00:00	2019-02-11
12.02.19	07:49:58	09:44:54	06:25:08	07:49:58	17:34:52	00:00:00	2019-02-12
13.02.19	07:48:04	09:48:41	06:23:15	07:48:04	17:36:45	00:00:00	2019-02-13
14.02.19	07:46:08	09:52:30	06:21:22	07:46:08	17:38:38	00:00:00	2019-02-14
15.02.19	07:44:10	09:56:21	06:19:29	07:44:10	17:40:31	00:00:00	2019-02-15
16.02.19	07:42:11	10:00:13	06:17:36	07:42:11	17:42:24	00:00:00	2019-02-16
17.02.19	07:40:11	10:04:06	06:15:43	07:40:11	17:44:17	00:00:00	2019-02-17
18.02.19	07:38:10	10:07:59	06:13:51	07:38:10	17:46:09	00:00:00	2019-02-18
19.02.19	07:36:08	10:11:53	06:11:59	07:36:08	17:48:01	00:00:00	2019-02-19
20.02.19	07:34:04	10:15:50	06:10:06	07:34:04	17:49:54	00:00:00	2019-02-20
21.02.19	07:32:00	10:19:45	06:08:15	07:32:00	17:51:45	00:00:00	2019-02-21
22.02.19	07:29:54	10:23:43	06:06:23	07:29:54	17:53:37	00:00:00	2019-02-22
23.02.19	07:27:47	10:27:41	06:04:32	07:27:47	17:55:28	00:00:00	2019-02-23
24.02.19	07:25:40	10:31:39	06:02:41	07:25:40	17:57:19	00:00:00	2019-02-24
25.02.19	07:23:31	10:35:39	06:00:50	07:23:31	17:59:10	00:00:00	2019-02-25
26.02.19	07:21:22	10:39:39	05:58:59	07:21:22	18:01:01	00:00:00	2019-02-26
27.02.19	07:19:12	10:43:39	05:57:09	07:19:12	18:02:51	00:00:00	2019-02-27
28.02.19	07:17:01	10:47:40	05:55:19	07:17:01	18:04:41	00:00:00	2019-02-28
01.03.19	07:14:49	10:51:42	05:53:29	07:14:49	18:06:31	00:00:00	2019-03-01
02.03.19	07:12:36	10:55:44	05:51:40	07:12:36	18:08:20	00:00:00	2019-03-02
03.03.19	07:10:23	10:59:46	05:49:51	07:10:23	18:10:09	00:00:00	2019-03-03
04.03.19	07:08:09	11:03:49	05:48:02	07:08:09	18:11:58	00:00:00	2019-03-04
05.03.19	07:05:54	11:07:52	05:46:14	07:05:54	18:13:46	00:00:00	2019-03-05
06.03.19	07:03:39	11:11:56	05:44:25	07:03:39	18:15:35	00:00:00	2019-03-06
07.03.19	07:01:23	11:16:00	05:42:37	07:01:23	18:17:23	00:00:00	2019-03-07
08.03.19	06:59:07	11:20:03	05:40:50	06:59:07	18:19:10	00:00:00	2019-03-08
09.03.19	06:56:50	11:24:08	05:39:02	06:56:50	18:20:58	00:00:00	2019-03-09
10.03.19	06:54:33	11:28:12	05:37:15	06:54:33	18:22:45	00:00:00	2019-03-10
11.03.19	06:52:16	11:32:16	05:35:28	06:52:16	18:24:32	00:00:00	2019-03-11
12.03.19	06:49:58	11:36:21	05:33:41	06:49:58	18:26:19	00:00:00	2019-03-12
13.03.19	06:47:39	11:40:26	05:31:55	06:47:39	18:28:05	00:00:00	2019-03-13
14.03.19	06:45:21	11:44:30	05:30:09	06:45:21	18:29:51	00:00:00	2019-03-14
15.03.19	06:43:02	11:48:35	05:28:23	06:43:02	18:31:37	00:00:00	2019-03-15
16.03.19	06:40:42	11:52:41	05:26:37	06:40:42	18:33:23	00:00:00	2019-03-16
17.03.19	06:38:23	11:56:46	05:24:51	06:38:23	18:35:09	00:00:00	2019-03-17
18.03.19	06:36:03	12:00:51	05:23:06	06:36:03	18:36:54	00:00:00	2019-03-18
19.03.19	06:33:43	12:04:57	05:21:20	06:33:43	18:38:40	00:00:00	2019-03-19
20.03.19	06:31:23	12:09:02	05:19:35	06:31:23	18:40:25	00:00:00	2019-03-20
21.03.19	06:29:03	12:13:07	05:17:50	06:29:03	18:42:10	00:00:00	2019-03-21
22.03.19	06:26:43	12:17:12	05:16:05	06:26:43	18:43:55	00:00:00	2019-03-22
23.03.19	06:24:22	12:21:17	05:14:21	06:24:22	18:45:39	00:00:00	2019-03-23
24.03.19	06:22:02	12:25:22	05:12:36	06:22:02	18:47:24	00:00:00	2019-03-24
25.03.19	06:19:42	12:29:26	05:10:52	06:19:42	18:49:08	00:00:00	2019-03-25
26.03.19	06:17:21	12:33:32	05:09:07	06:17:21	18:50:53	00:00:00	2019-03-26
27.03.19	06:15:01	12:37:36	05:07:23	06:15:01	18:52:37	00:00:00	2019-03-27
28.03.19	06:12:41	12:41:40	05:05:39	06:12:41	18:54:21	00:00:00	2019-03-28
29.03.19	06:10:21	12:45:44	05:03:55	06:10:21	18:56:05	00:00:00	2019-03-29
30.03.19	06:08:01	12:49:48	05:02:11	06:08:01	18:57:49	00:00:00	2019-03-30
31.03.19	07:05:42	12:53:51	04:00:27	07:05:42	19:59:33	00:00:00	2019-03-31
01.04.19	07:03:22	12:57:55	03:58:43	07:03:22	20:01:17	00:00:00	2019-04-01
02.04.19	07:01:03	13:01:58	03:56:59	07:01:03	20:03:01	00:00:00	2019-04-02
03.04.19	06:58:44	13:06:01	03:55:15	06:58:44	20:04:45	00:00:00	2019-04-03
04.04.19	06:56:25	13:10:04	03:53:31	06:56:25	20:06:29	00:00:00	2019-04-04
05.04.19	06:54:07	13:14:06	03:51:47	06:54:07	20:08:13	00:00:00	2019-04-05
06.04.19	06:51:49	13:18:08	03:50:03	06:51:49	20:09:57	00:00:00	2019-04-06
07.04.19	06:49:32	13:22:08	03:48:20	06:49:32	20:11:40	00:00:00	2019-04-07
08.04.19	06:47:15	13:26:09	03:46:36	06:47:15	20:13:24	00:00:00	2019-04-08
09.04.19	06:44:58	13:30:10	03:44:52	06:44:58	20:15:08	00:00:00	2019-04-09
10.04.19	06:42:42	13:34:10	03:43:08	06:42:42	20:16:52	00:00:00	2019-04-10
11.04.19	06:40:26	13:38:10	03:41:24	06:40:26	20:18:36	00:00:00	2019-04-11
12.04.19	06:38:11	13:42:08	03:39:41	06:38:11	20:20:19	00:00:00	2019-04-12
13.04.19	06:35:57	13:46:06	03:37:57	06:35:57	20:22:03	00:00:00	2019-04-13
14.04.19	06:33:43	13:50:04	03:36:13	06:33:43	20:23:47	00:00:00	2019-04-14
15.04.19	06:31:30	13:54:01	03:34:29	06:31:30	20:25:31	00:00:00	2019-04-15
16.04.19	06:29:18	13:57:57	03:32:45	06:29:18	20:27:15	00:00:00	2019-04-16
17.04.19	06:27:06	14:01:52	03:31:02	06:27:06	20:28:58	00:00:00	2019-04-17
18.04.19	06:24:55	14:05:47	03:29:18	06:24:55	20:30:42	00:00:00	2019-04-18
19.04.19	06:22:45	14:09:41	03:27:34	06:22:45	20:32:26	00:00:00	2019-04-19
20.04.19	06:20:36	14:13:33	03:25:51	06:20:36	20:34:09	00:00:00	2019-04-20
21.04.19	06:18:28	14:17:25	03:24:07	06:18:28	20:35:53	00:00:00	2019-04-21
22.04.19	06:16:20	14:21:16	03:22:24	06:16:20	20:37:36	00:00:00	2019-04-22
23.04.19	06:14:14	14:25:06	03:20:40	06:14:14	20:39:20	00:00:00	2019-04-23
24.04.19	06:12:08	14:28:55	03:18:57	06:12:08	20:41:03	00:00:00	2019-04-24
25.04.19	06:10:04	14:32:42	03:17:14	06:10:04	20:42:46	00:00:00	2019-04-25
26.04.19	06:08:01	14:36:28	03:15:31	06:08:01	20:44:29	00:00:00	2019-04-26
27.04.19	06:05:58	14:40:14	03:13:48	06:05:58	20:46:12	00:00:00	2019-04-27
28.04.19	06:03:57	14:43:58	03:12:05	06:03:57	20:47:55	00:00:00	2019-04-28
29.04.19	06:01:58	14:47:39	03:10:23	06:01:58	20:49:37	00:00:00	2019-04-29
30.04.19	05:59:59	14:51:21	03:08:40	05:59:59	20:51:20	00:00:00	2019-04-30
01.05.19	05:58:02	14:55:00	03:06:58	05:58:02	20:53:02	00:00:00	2019-05-01
02.05.19	05:56:06	14:58:37	03:05:17	05:56:06	20:54:43	00:00:00	2019-05-02
03.05.19	05:54:11	15:02:13	03:03:36	05:54:11	20:56:24	00:00:00	2019-05-03
04.05.19	05:52:18	15:05:47	03:01:55	05:52:18	20:58:05	00:00:00	2019-05-04
05.05.19	05:50:27	15:09:19	03:00:14	05:50:27	20:59:46	00:00:00	2019-05-05
06.05.19	05:48:37	15:12:49	02:58:34	05:48:37	21:01:26	00:00:00	2019-05-06
07.05.19	05:46:48	15:16:18	02:56:54	05:46:48	21:03:06	00:00:00	2019-05-07
08.05.19	05:45:01	15:19:44	02:55:15	05:45:01	21:04:45	00:00:00	2019-05-08
09.05.19	05:43:16	15:23:07	02:53:37	05:43:16	21:06:23	00:00:00	2019-05-09
10.05.19	05:41:33	15:26:28	02:51:59	05:41:33	21:08:01	00:00:00	2019-05-10
11.05.19	05:39:51	15:29:47	02:50:22	05:39:51	21:09:38	00:00:00	2019-05-11
12.05.19	05:38:11	15:33:04	02:48:45	05:38:11	21:11:15	00:00:00	2019-05-12
13.05.19	05:36:33	15:36:17	02:47:10	05:36:33	21:12:50	00:00:00	2019-05-13
14.05.19	05:34:57	15:39:28	02:45:35	05:34:57	21:14:25	00:00:00	2019-05-14
15.05.19	05:33:23	15:42:36	02:44:01	05:33:23	21:15:59	00:00:00	2019-05-15
16.05.19	05:31:51	15:45:41	02:42:28	05:31:51	21:17:32	00:00:00	2019-05-16
17.05.19	05:30:21	15:48:43	02:40:56	05:30:21	21:19:04	00:00:00	2019-05-17
18.05.19	05:28:54	15:51:41	02:39:25	05:28:54	21:20:35	00:00:00	2019-05-18
19.05.19	05:27:28	15:54:37	02:37:55	05:27:28	21:22:05	00:00:00	2019-05-19
20.05.19	05:26:05	15:57:28	02:36:27	05:26:05	21:23:33	00:00:00	2019-05-20
21.05.19	05:24:44	16:00:17	02:34:59	05:24:44	21:25:01	00:00:00	2019-05-21
22.05.19	05:23:25	16:03:02	02:33:33	05:23:25	21:26:27	00:00:00	2019-05-22
23.05.19	05:22:09	16:05:42	02:32:09	05:22:09	21:27:51	00:00:00	2019-05-23
24.05.19	05:20:55	16:08:19	02:30:46	05:20:55	21:29:14	00:00:00	2019-05-24
25.05.19	05:19:44	16:10:52	02:29:24	05:19:44	21:30:36	00:00:00	2019-05-25
26.05.19	05:18:35	16:13:21	02:28:04	05:18:35	21:31:56	00:00:00	2019-05-26
27.05.19	05:17:29	16:15:45	02:26:46	05:17:29	21:33:14	00:00:00	2019-05-27
28.05.19	05:16:25	16:18:06	02:25:29	05:16:25	21:34:31	00:00:00	2019-05-28
29.05.19	05:15:24	16:20:21	02:24:15	05:15:24	21:35:45	00:00:00	2019-05-29
30.05.19	05:14:26	16:22:32	02:23:02	05:14:26	21:36:58	00:00:00	2019-05-30
31.05.19	05:13:31	16:24:38	02:21:51	05:13:31	21:38:09	00:00:00	2019-05-31
01.06.19	05:12:39	16:26:38	02:20:43	05:12:39	21:39:17	00:00:00	2019-06-01
02.06.19	05:11:49	16:28:35	02:19:36	05:11:49	21:40:24	00:00:00	2019-06-02
03.06.19	05:11:03	16:30:25	02:18:32	05:11:03	21:41:28	00:00:00	2019-06-03
04.06.19	05:10:19	16:32:11	02:17:30	05:10:19	21:42:30	00:00:00	2019-06-04
05.06.19	05:09:38	16:33:52	02:16:30	05:09:38	21:43:30	00:00:00	2019-06-05
06.06.19	05:09:01	16:35:26	02:15:33	05:09:01	21:44:27	00:00:00	2019-06-06
07.06.19	05:08:26	16:36:56	02:14:38	05:08:26	21:45:22	00:00:00	2019-06-07
08.06.19	05:07:55	16:38:19	02:13:46	05:07:55	21:46:14	00:00:00	2019-06-08
09.06.19	05:07:26	16:39:37	02:12:57	05:07:26	21:47:03	00:00:00	2019-06-09
10.06.19	05:07:01	16:40:49	02:12:10	05:07:01	21:47:50	00:00:00	2019-06-10
11.06.19	05:06:39	16:41:56	02:11:25	05:06:39	21:48:35	00:00:00	2019-06-11
12.06.19	05:06:20	16:42:56	02:10:44	05:06:20	21:49:16	00:00:00	2019-06-12
13.06.19	05:06:05	16:43:49	02:10:06	05:06:05	21:49:54	00:00:00	2019-06-13
14.06.19	05:05:52	16:44:38	02:09:30	05:05:52	21:50:30	00:00:00	2019-06-14
15.06.19	05:05:43	16:45:20	02:08:57	05:05:43	21:51:03	00:00:00	2019-06-15
16.06.19	05:05:37	16:45:55	02:08:28	05:05:37	21:51:32	00:00:00	2019-06-16
17.06.19	05:05:34	16:46:25	02:08:01	05:05:34	21:51:59	00:00:00	2019-06-17
18.06.19	05:05:34	16:46:48	02:07:38	05:05:34	21:52:22	00:00:00	2019-06-18
19.06.19	05:05:38	16:47:05	02:07:17	05:05:38	21:52:43	00:00:00	2019-06-19
20.06.19	05:05:44	16:47:16	02:07:00	05:05:44	21:53:00	00:00:00	2019-06-20
21.06.19	05:05:54	16:47:20	02:06:46	05:05:54	21:53:14	00:00:00	2019-06-21
22.06.19	05:06:07	16:47:18	02:06:35	05:06:07	21:53:25	00:00:00	2019-06-22
23.06.19	05:06:23	16:47:10	02:06:27	05:06:23	21:53:33	00:00:00	2019-06-23
24.06.19	05:06:43	16:46:54	02:06:23	05:06:43	21:53:37	00:00:00	2019-06-24
25.06.19	05:07:05	16:46:33	02:06:22	05:07:05	21:53:38	00:00:00	2019-06-25
26.06.19	05:07:30	16:46:06	02:06:24	05:07:30	21:53:36	00:00:00	2019-06-26
27.06.19	05:07:58	16:45:33	02:06:29	05:07:58	21:53:31	00:00:00	2019-06-27
28.06.19	05:08:30	16:44:53	02:06:37	05:08:30	21:53:23	00:00:00	2019-06-28
29.06.19	05:09:04	16:44:07	02:06:49	05:09:04	21:53:11	00:00:00	2019-06-29
30.06.19	05:09:41	16:43:15	02:07:04	05:09:41	21:52:56	00:00:00	2019-06-30
01.07.19	05:10:20	16:42:17	02:07:23	05:10:20	21:52:37	00:00:00	2019-07-01
02.07.19	05:11:03	16:41:13	02:07:44	05:11:03	21:52:16	00:00:00	2019-07-02
03.07.19	05:11:48	16:40:03	02:08:09	05:11:48	21:51:51	00:00:00	2019-07-03
04.07.19	05:12:35	16:38:48	02:08:37	05:12:35	21:51:23	00:00:00	2019-07-04
05.07.19	05:13:26	16:37:26	02:09:08	05:13:26	21:50:52	00:00:00	2019-07-05
06.07.19	05:14:19	16:35:59	02:09:42	05:14:19	21:50:18	00:00:00	2019-07-06
07.07.19	05:15:14	16:34:27	02:10:19	05:15:14	21:49:41	00:00:00	2019-07-07
08.07.19	05:16:11	16:32:50	02:10:59	05:16:11	21:49:01	00:00:00	2019-07-08
09.07.19	05:17:11	16:31:06	02:11:43	05:17:11	21:48:17	00:00:00	2019-07-09
10.07.19	05:18:13	16:29:18	02:12:29	05:18:13	21:47:31	00:00:00	2019-07-10
11.07.19	05:19:17	16:27:25	02:13:18	05:19:17	21:46:42	00:00:00	2019-07-11
12.07.19	05:20:24	16:25:25	02:14:11	05:20:24	21:45:49	00:00:00	2019-07-12
13.07.19	05:21:32	16:23:22	02:15:06	05:21:32	21:44:54	00:00:00	2019-07-13
14.07.19	05:22:42	16:21:14	02:16:04	05:22:42	21:43:56	00:00:00	2019-07-14
15.07.19	05:23:54	16:19:02	02:17:04	05:23:54	21:42:56	00:00:00	2019-07-15
16.07.19	05:25:08	16:16:44	02:18:08	05:25:08	21:41:52	00:00:00	2019-07-16
17.07.19	05:26:23	16:14:23	02:19:14	05:26:23	21:40:46	00:00:00	2019-07-17
18.07.19	05:27:40	16:11:58	02:20:22	05:27:40	21:39:38	00:00:00	2019-07-18
19.07.19	05:28:59	16:09:27	02:21:34	05:28:59	21:38:26	00:00:00	2019-07-19
20.07.19	05:30:19	16:06:53	02:22:48	05:30:19	21:37:12	00:00:00	2019-07-20
21.07.19	05:31:41	16:04:15	02:24:04	05:31:41	21:35:56	00:00:00	2019-07-21
22.07.19	05:33:04	16:01:33	02:25:23	05:33:04	21:34:37	00:00:00	2019-07-22
23.07.19	05:34:28	15:58:48	02:26:44	05:34:28	21:33:16	00:00:00	2019-07-23
24.07.19	05:35:54	15:55:59	02:28:07	05:35:54	21:31:53	00:00:00	2019-07-24
25.07.19	05:37:20	15:53:07	02:29:33	05:37:20	21:30:27	00:00:00	2019-07-25
26.07.19	05:38:48	15:50:11	02:31:01	05:38:48	21:28:59	00:00:00	2019-07-26
27.07.19	05:40:16	15:47:13	02:32:31	05:40:16	21:27:29	00:00:00	2019-07-27
28.07.19	05:41:46	15:44:11	02:34:03	05:41:46	21:25:57	00:00:00	2019-07-28
29.07.19	05:43:17	15:41:05	02:35:38	05:43:17	21:24:22	00:00:00	2019-07-29
30.07.19	05:44:48	15:37:58	02:37:14	05:44:48	21:22:46	00:00:00	2019-07-30
31.07.19	05:46:20	15:34:48	02:38:52	05:46:20	21:21:08	00:00:00	2019-07-31
01.08.19	05:47:53	15:31:35	02:40:32	05:47:53	21:19:28	00:00:00	2019-08-01
02.08.19	05:49:26	15:28:20	02:42:14	05:49:26	21:17:46	00:00:00	2019-08-02
03.08.19	05:51:01	15:25:01	02:43:58	05:51:01	21:16:02	00:00:00	2019-08-03
04.08.19	05:52:35	15:21:41	02:45:44	05:52:35	21:14:16	00:00:00	2019-08-04
05.08.19	05:54:11	15:18:18	02:47:31	05:54:11	21:12:29	00:00:00	2019-08-05
06.08.19	05:55:46	15:14:54	02:49:20	05:55:46	21:10:40	00:00:00	2019-08-06
07.08.19	05:57:22	15:11:28	02:51:10	05:57:22	21:08:50	00:00:00	2019-08-07
08.08.19	05:58:59	15:07:59	02:53:02	05:58:59	21:06:58	00:00:00	2019-08-08
09.08.19	06:00:36	15:04:28	02:54:56	06:00:36	21:05:04	00:00:00	2019-08-09
10.08.19	06:02:13	15:00:56	02:56:51	06:02:13	21:03:09	00:00:00	2019-08-10
11.08.19	06:03:51	14:57:22	02:58:47	06:03:51	21:01:13	00:00:00	2019-08-11
12.08.19	06:05:29	14:53:46	03:00:45	06:05:29	20:59:15	00:00:00	2019-08-12
13.08.19	06:07:07	14:50:09	03:02:44	06:07:07	20:57:16	00:00:00	2019-08-13
14.08.19	06:08:45	14:46:31	03:04:44	06:08:45	20:55:16	00:00:00	2019-08-14
15.08.19	06:10:23	14:42:51	03:06:46	06:10:23	20:53:14	00:00:00	2019-08-15
16.08.19	06:12:02	14:39:10	03:08:48	06:12:02	20:51:12	00:00:00	2019-08-16
17.08.19	06:13:41	14:35:27	03:10:52	06:13:41	20:49:08	00:00:00	2019-08-17
18.08.19	06:15:20	14:31:43	03:12:57	06:15:20	20:47:03	00:00:00	2019-08-18
19.08.19	06:16:58	14:27:59	03:15:03	06:16:58	20:44:57	00:00:00	2019-08-19
20.08.19	06:18:37	14:24:13	03:17:10	06:18:37	20:42:50	00:00:00	2019-08-20
21.08.19	06:20:16	14:20:25	03:19:19	06:20:16	20:40:41	00:00:00	2019-08-21
22.08.19	06:21:55	14:16:37	03:21:28	06:21:55	20:38:32	00:00:00	2019-08-22
23.08.19	06:23:35	14:12:48	03:23:37	06:23:35	20:36:23	00:00:00	2019-08-23
24.08.19	06:25:14	14:08:58	03:25:48	06:25:14	20:34:12	00:00:00	2019-08-24
25.08.19	06:26:53	14:05:07	03:28:00	06:26:53	20:32:00	00:00:00	2019-08-25
26.08.19	06:28:32	14:01:16	03:30:12	06:28:32	20:29:48	00:00:00	2019-08-26
27.08.19	06:30:11	13:57:23	03:32:26	06:30:11	20:27:34	00:00:00	2019-08-27
28.08.19	06:31:50	13:53:31	03:34:39	06:31:50	20:25:21	00:00:00	2019-08-28
29.08.19	06:33:29	13:49:37	03:36:54	06:33:29	20:23:06	00:00:00	2019-08-29
30.08.19	06:35:08	13:45:43	03:39:09	06:35:08	20:20:51	00:00:00	2019-08-30
31.08.19	06:36:47	13:41:48	03:41:25	06:36:47	20:18:35	00:00:00	2019-08-31
01.09.19	06:38:26	13:37:52	03:43:42	06:38:26	20:16:18	00:00:00	2019-09-01
02.09.19	06:40:05	13:33:56	03:45:59	06:40:05	20:14:01	00:00:00	2019-09-02
03.09.19	06:41:44	13:30:00	03:48:16	06:41:44	20:11:44	00:00:00	2019-09-03
04.09.19	06:43:23	13:26:03	03:50:34	06:43:23	20:09:26	00:00:00	2019-09-04
05.09.19	06:45:02	13:22:05	03:52:53	06:45:02	20:07:07	00:00:00	2019-09-05
06.09.19	06:46:40	13:18:08	03:55:12	06:46:40	20:04:48	00:00:00	2019-09-06
07.09.19	06:48:19	13:14:10	03:57:31	06:48:19	20:02:29	00:00:00	2019-09-07
08.09.19	06:49:58	13:10:11	03:59:51	06:49:58	20:00:09	00:00:00	2019-09-08
09.09.19	06:51:37	13:06:12	04:02:11	06:51:37	19:57:49	00:00:00	2019-09-09
10.09.19	06:53:16	13:02:13	04:04:31	06:53:16	19:55:29	00:00:00	2019-09-10
11.09.19	06:54:54	12:58:14	04:06:52	06:54:54	19:53:08	00:00:00	2019-09-11
12.09.19	06:56:33	12:54:14	04:09:13	06:56:33	19:50:47	00:00:00	2019-09-12
13.09.19	06:58:12	12:50:14	04:11:34	06:58:12	19:48:26	00:00:00	2019-09-13
14.09.19	06:59:51	12:46:14	04:13:55	06:59:51	19:46:05	00:00:00	2019-09-14
15.09.19	07:01:30	12:42:13	04:16:17	07:01:30	19:43:43	00:00:00	2019-09-15
16.09.19	07:03:09	12:38:13	04:18:38	07:03:09	19:41:22	00:00:00	2019-09-16
17.09.19	07:04:48	12:34:12	04:21:00	07:04:48	19:39:00	00:00:00	2019-09-17
18.09.19	07:06:27	12:30:11	04:23:22	07:06:27	19:36:38	00:00:00	2019-09-18
19.09.19	07:08:07	12:26:10	04:25:43	07:08:07	19:34:17	00:00:00	2019-09-19
20.09.19	07:09:46	12:22:09	04:28:05	07:09:46	19:31:55	00:00:00	2019-09-20
21.09.19	07:11:25	12:18:08	04:30:27	07:11:25	19:29:33	00:00:00	2019-09-21
22.09.19	07:13:05	12:14:06	04:32:49	07:13:05	19:27:11	00:00:00	2019-09-22
23.09.19	07:14:45	12:10:05	04:35:10	07:14:45	19:24:50	00:00:00	2019-09-23
24.09.19	07:16:25	12:06:03	04:37:32	07:16:25	19:22:28	00:00:00	2019-09-24
25.09.19	07:18:05	12:02:02	04:39:53	07:18:05	19:20:07	00:00:00	2019-09-25
26.09.19	07:19:45	11:58:01	04:42:14	07:19:45	19:17:46	00:00:00	2019-09-26
27.09.19	07:21:25	11:54:00	04:44:35	07:21:25	19:15:25	00:00:00	2019-09-27
28.09.19	07:23:06	11:49:58	04:46:56	07:23:06	19:13:04	00:00:00	2019-09-28
29.09.19	07:24:47	11:45:56	04:49:17	07:24:47	19:10:43	00:00:00	2019-09-29
30.09.19	07:26:27	11:41:56	04:51:37	07:26:27	19:08:23	00:00:00	2019-09-30
01.10.19	07:28:09	11:37:54	04:53:57	07:28:09	19:06:03	00:00:00	2019-10-01
02.10.19	07:29:50	11:33:53	04:56:17	07:29:50	19:03:43	00:00:00	2019-10-02
03.10.19	07:31:32	11:29:52	04:58:36	07:31:32	19:01:24	00:00:00	2019-10-03
04.10.19	07:33:14	11:25:51	05:00:55	07:33:14	18:59:05	00:00:00	2019-10-04
05.10.19	07:34:56	11:21:51	05:03:13	07:34:56	18:56:47	00:00:00	2019-10-05
06.10.19	07:36:38	11:17:51	05:05:31	07:36:38	18:54:29	00:00:00	2019-10-06
07.10.19	07:38:21	11:13:50	05:07:49	07:38:21	18:52:11	00:00:00	2019-10-07
08.10.19	07:40:04	11:09:50	05:10:06	07:40:04	18:49:54	00:00:00	2019-10-08
09.10.19	07:41:48	11:05:50	05:12:22	07:41:48	18:47:38	00:00:00	2019-10-09
10.10.19	07:43:31	11:01:51	05:14:38	07:43:31	18:45:22	00:00:00	2019-10-10
11.10.19	07:45:15	10:57:52	05:16:53	07:45:15	18:43:07	00:00:00	2019-10-11
12.10.19	07:46:59	10:53:54	05:19:07	07:46:59	18:40:53	00:00:00	2019-10-12
13.10.19	07:48:44	10:49:55	05:21:21	07:48:44	18:38:39	00:00:00	2019-10-13
14.10.19	07:50:29	10:45:57	05:23:34	07:50:29	18:36:26	00:00:00	2019-10-14
15.10.19	07:52:14	10:42:00	05:25:46	07:52:14	18:34:14	00:00:00	2019-10-15
16.10.19	07:53:59	10:38:03	05:27:58	07:53:59	18:32:02	00:00:00	2019-10-16
17.10.19	07:55:45	10:34:07	05:30:08	07:55:45	18:29:52	00:00:00	2019-10-17
18.10.19	07:57:31	10:30:11	05:32:18	07:57:31	18:27:42	00:00:00	2019-10-18
19.10.19	07:59:18	10:26:15	05:34:27	07:59:18	18:25:33	00:00:00	2019-10-19
20.10.19	08:01:04	10:22:22	05:36:34	08:01:04	18:23:26	00:00:00	2019-10-20
21.10.19	08:02:51	10:18:28	05:38:41	08:02:51	18:21:19	00:00:00	2019-10-21
22.10.19	08:04:39	10:14:34	05:40:47	08:04:39	18:19:13	00:00:00	2019-10-22
23.10.19	08:06:26	10:10:42	05:42:52	08:06:26	18:17:08	00:00:00	2019-10-23
24.10.19	08:08:14	10:06:51	05:44:55	08:08:14	18:15:05	00:00:00	2019-10-24
25.10.19	08:10:02	10:03:01	05:46:57	08:10:02	18:13:03	00:00:00	2019-10-25
26.10.19	08:11:50	09:59:11	05:48:59	08:11:50	18:11:01	00:00:00	2019-10-26
27.10.19	07:13:39	09:55:22	06:50:59	07:13:39	17:09:01	00:00:00	2019-10-27
28.10.19	07:15:27	09:51:36	06:52:57	07:15:27	17:07:03	00:00:00	2019-10-28
29.10.19	07:17:16	09:47:50	06:54:54	07:17:16	17:05:06	00:00:00	2019-10-29
30.10.19	07:19:05	09:44:05	06:56:50	07:19:05	17:03:10	00:00:00	2019-10-30
31.10.19	07:20:54	09:40:21	06:58:45	07:20:54	17:01:15	00:00:00	2019-10-31
01.11.19	07:22:44	09:36:39	07:00:37	07:22:44	16:59:23	00:00:00	2019-11-01
02.11.19	07:24:33	09:32:58	07:02:29	07:24:33	16:57:31	00:00:00	2019-11-02
03.11.19	07:26:22	09:29:19	07:04:19	07:26:22	16:55:41	00:00:00	2019-11-03
04.11.19	07:28:11	09:25:42	07:06:07	07:28:11	16:53:53	00:00:00	2019-11-04
05.11.19	07:30:01	09:22:06	07:07:53	07:30:01	16:52:07	00:00:00	2019-11-05
06.11.19	07:31:50	09:18:32	07:09:38	07:31:50	16:50:22	00:00:00	2019-11-06
07.11.19	07:33:39	09:15:00	07:11:21	07:33:39	16:48:39	00:00:00	2019-11-07
08.11.19	07:35:28	09:11:30	07:13:02	07:35:28	16:46:58	00:00:00	2019-11-08
09.11.19	07:37:16	09:08:03	07:14:41	07:37:16	16:45:19	00:00:00	2019-11-09
10.11.19	07:39:05	09:04:37	07:16:18	07:39:05	16:43:42	00:00:00	2019-11-10
11.11.19	07:40:53	09:01:14	07:17:53	07:40:53	16:42:07	00:00:00	2019-11-11
12.11.19	07:42:41	08:57:53	07:19:26	07:42:41	16:40:34	00:00:00	2019-11-12
13.11.19	07:44:28	08:54:35	07:20:57	07:44:28	16:39:03	00:00:00	2019-11-13
14.11.19	07:46:15	08:51:19	07:22:26	07:46:15	16:37:34	00:00:00	2019-11-14
15.11.19	07:48:01	08:48:06	07:23:53	07:48:01	16:36:07	00:00:00	2019-11-15
16.11.19	07:49:47	08:44:56	07:25:17	07:49:47	16:34:43	00:00:00	2019-11-16
17.11.19	07:51:32	08:41:49	07:26:39	07:51:32	16:33:21	00:00:00	2019-11-17
18.11.19	07:53:16	08:38:46	07:27:58	07:53:16	16:32:02	00:00:00	2019-11-18
19.11.19	07:55:00	08:35:45	07:29:15	07:55:00	16:30:45	00:00:00	2019-11-19
20.11.19	07:56:42	08:32:49	07:30:29	07:56:42	16:29:31	00:00:00	2019-11-20
21.11.19	07:58:24	08:29:55	07:31:41	07:58:24	16:28:19	00:00:00	2019-11-21
22.11.19	08:00:05	08:27:05	07:32:50	08:00:05	16:27:10	00:00:00	2019-11-22
23.11.19	08:01:44	08:24:19	07:33:57	08:01:44	16:26:03	00:00:00	2019-11-23
24.11.19	08:03:22	08:21:38	07:35:00	08:03:22	16:25:00	00:00:00	2019-11-24
25.11.19	08:04:59	08:19:00	07:36:01	08:04:59	16:23:59	00:00:00	2019-11-25
26.11.19	08:06:35	08:16:26	07:36:59	08:06:35	16:23:01	00:00:00	2019-11-26
27.11.19	08:08:09	08:13:57	07:37:54	08:08:09	16:22:06	00:00:00	2019-11-27
28.11.19	08:09:42	08:11:32	07:38:46	08:09:42	16:21:14	00:00:00	2019-11-28
29.11.19	08:11:13	08:09:12	07:39:35	08:11:13	16:20:25	00:00:00	2019-11-29
30.11.19	08:12:42	08:06:57	07:40:21	08:12:42	16:19:39	00:00:00	2019-11-30
01.12.19	08:14:10	08:04:47	07:41:03	08:14:10	16:18:57	00:00:00	2019-12-01
02.12.19	08:15:36	08:02:41	07:41:43	08:15:36	16:18:17	00:00:00	2019-12-02
03.12.19	08:16:59	08:00:42	07:42:19	08:16:59	16:17:41	00:00:00	2019-12-03
04.12.19	08:18:21	07:58:47	07:42:52	08:18:21	16:17:08	00:00:00	2019-12-04
05.12.19	08:19:40	07:56:58	07:43:22	08:19:40	16:16:38	00:00:00	2019-12-05
06.12.19	08:20:57	07:55:15	07:43:48	08:20:57	16:16:12	00:00:00	2019-12-06
07.12.19	08:22:12	07:53:37	07:44:11	08:22:12	16:15:49	00:00:00	2019-12-07
08.12.19	08:23:25	07:52:05	07:44:30	08:23:25	16:15:30	00:00:00	2019-12-08
09.12.19	08:24:35	07:50:39	07:44:46	08:24:35	16:15:14	00:00:00	2019-12-09
10.12.19	08:25:42	07:49:19	07:44:59	08:25:42	16:15:01	00:00:00	2019-12-10
11.12.19	08:26:47	07:48:05	07:45:08	08:26:47	16:14:52	00:00:00	2019-12-11
12.12.19	08:27:49	07:46:58	07:45:13	08:27:49	16:14:47	00:00:00	2019-12-12
13.12.19	08:28:48	07:45:57	07:45:15	08:28:48	16:14:45	00:00:00	2019-12-13
14.12.19	08:29:44	07:45:02	07:45:14	08:29:44	16:14:46	00:00:00	2019-12-14
15.12.19	08:30:38	07:44:14	07:45:08	08:30:38	16:14:52	00:00:00	2019-12-15
16.12.19	08:31:28	07:43:32	07:45:00	08:31:28	16:15:00	00:00:00	2019-12-16
17.12.19	08:32:15	07:42:58	07:44:47	08:32:15	16:15:13	00:00:00	2019-12-17
18.12.19	08:32:59	07:42:29	07:44:32	08:32:59	16:15:28	00:00:00	2019-12-18
19.12.19	08:33:40	07:42:08	07:44:12	08:33:40	16:15:48	00:00:00	2019-12-19
20.12.19	08:34:18	07:41:53	07:43:49	08:34:18	16:16:11	00:00:00	2019-12-20
21.12.19	08:34:52	07:41:45	07:43:23	08:34:52	16:16:37	00:00:00	2019-12-21
22.12.19	08:35:23	07:41:44	07:42:53	08:35:23	16:17:07	00:00:00	2019-12-22
23.12.19	08:35:51	07:41:49	07:42:20	08:35:51	16:17:40	00:00:00	2019-12-23
24.12.19	08:36:15	07:42:01	07:41:44	08:36:15	16:18:16	00:00:00	2019-12-24
25.12.19	08:36:36	07:42:20	07:41:04	08:36:36	16:18:56	00:00:00	2019-12-25
26.12.19	08:36:53	07:42:46	07:40:21	08:36:53	16:19:39	00:00:00	2019-12-26
27.12.19	08:37:07	07:43:19	07:39:34	08:37:07	16:20:26	00:00:00	2019-12-27
28.12.19	08:37:17	07:43:58	07:38:45	08:37:17	16:21:15	00:00:00	2019-12-28
29.12.19	08:37:24	07:44:44	07:37:52	08:37:24	16:22:08	00:00:00	2019-12-29
30.12.19	08:37:28	07:45:36	07:36:56	08:37:28	16:23:04	00:00:00	2019-12-30
31.12.19	08:37:28	07:46:35	07:35:57	08:37:28	16:24:03	00:00:00	2019-12-31